scenario,lower_bound,upper_bound,design_space_retained_n,design_space_retention_pct,available_simulated_n,spearman_rank_vs_baseline,top10_overlap_vs_baseline,top18_overlap_vs_baseline
"Baseline [0.55, 0.95]",0.55,0.95,43,21.5,116,1.0,1.0,1.0
"Lower relaxed [0.50, 0.95]",0.5,0.95,59,29.5,116,1.0,1.0,1.0
"Lower strict [0.60, 0.95]",0.6,0.95,34,17.0,89,0.8344129554655871,0.8,0.8333333333333334
"Upper relaxed [0.55, 0.98]",0.55,0.98,46,23.0,116,1.0,1.0,1.0
"Upper strict [0.55, 0.90]",0.55,0.9,40,20.0,109,0.901417004048583,1.0,0.9444444444444444
"Wide [0.50, 0.98]",0.5,0.98,62,31.0,116,1.0,1.0,1.0
"Narrow [0.60, 0.90]",0.6,0.9,31,15.5,82,0.7186234817813766,0.9,0.7777777777777778
