metric,value
mean,143.072286256087
median,141.53566101960539
std,34.00295448225692
