metric,value
mean,1196.7510292686618
median,1217.4562861807171
std,219.05501675609952
