carrier,carrier_zh,total_carbon_kgco2e,avg_carbon_kgco2e_per_sample,avg_ocei_kgco2e_m2,share
electricity,电力,10852221.143261382,93553.63054535675,13.082386033575718,0.2740764248336994
natural_gas,天然气,15364199.261252789,132449.99363148955,19.034288544360813,0.38802792058577806
district_heating,区域供热,8625774.886342552,74360.12833053924,10.684491326169047,0.2178467901695002
district_cooling,区域供冷,4753407.103060073,40977.647440173045,5.902996941048901,0.12004886441102246
