carrier,carrier_zh,total_carbon_kgco2e,avg_carbon_kgco2e_per_sample,avg_ocei_kgco2e_m2,share
electricity,Electricity,3954295.6841822276,91960.3647484239,13.284684366058155,0.017573689685768817
natural_gas,Natural gas,5869553.207173414,136501.2373761259,19.867087596606574,0.026085481434680997
district_heating,District heating,94624842.0977365,2200577.7232031743,316.2051188178655,0.42053193397812233
district_cooling,District cooling,120563571.93850575,2803803.998569901,402.8922896356848,0.5358088949014279
