model,R2,cv_r2_mean,cv_r2_std,cv_r2_variance,RMSE,MAE,MAPE
RidgeCV,0.8625245718790793,0.8510430307338636,0.09359206700150942,0.008759475005615028,2.7902856016041757,2.0457419205146525,0.04384316469917139
Linear,0.8539770375849404,0.8439121643676265,0.08689362360466676,0.007550501823149501,2.8757206438157095,2.133677283660163,0.04636645640746183
