scenario,mean_ocei,std_ocei,corr_with_baseline_ocei,eui_ocei_pearson_r,eui_ocei_pearson_p,top10_overlap_with_baseline,electricity_share,natural_gas_share,district_heating_share,district_cooling_share
Baseline,48.70416284515448,7.558161927462758,1.0,0.9471016114005827,4.237211755384995e-58,1.0,0.2740764248336994,0.38802792058577806,0.2178467901695002,0.12004886441102246
Electricity Low 0.40,45.136239381452,7.464703557925193,0.997281302075555,0.954825306226385,6.522740514236564e-62,0.9090909090909091,0.21543140023544952,0.4193754449341195,0.23544592981063026,0.12974722501980077
Electricity High 0.70,52.272086308856935,7.691608596902118,0.9974395439414074,0.9346818328435812,4.954656010460975e-53,0.9090909090909091,0.32456399369176636,0.36104080096379976,0.20269567069156905,0.11169953465286468
Grid Decarbonisation 2030 0.40,38.49810562643702,6.001926033695199,0.9994632687555272,0.9444769824269256,6.217508085353115e-57,1.0,0.2523276673788189,0.389069762771384,0.22563001906542862,0.1329725507843685
Grid Decarbonisation 2050 0.25,26.77131469921975,4.400459496858839,0.9977921711923224,0.9577423000828497,1.576333736464269e-63,1.0,0.22694356802988067,0.419915331963897,0.21646047612415117,0.13668062388207108
High District Thermal Factors,54.06518165356907,7.998217193202705,0.9936840723136663,0.9121932130011451,5.4967763003235065e-46,1.0,0.24708727217574794,0.34981761194434197,0.26781101376717814,0.13528410211273204
