carrier,carrier_zh,avg_ocei_kgco2e_m2,share,share_percent
electricity,Electricity,13.284684366058155,0.017573689685768817,1.7573689685768816
natural_gas,Natural gas,19.867087596606574,0.026085481434680997,2.6085481434680995
district_heating,District heating,316.2051188178655,0.42053193397812233,42.05319339781223
district_cooling,District cooling,402.8922896356848,0.5358088949014279,53.580889490142795
