mean_ocei,median_ocei,std_ocei,min_ocei,max_ocei
752.2491804162152,770.7138165406992,96.1320592150358,590.8788346515117,923.4408719083885
