mean_ocei,median_ocei,std_ocei,min_ocei,max_ocei
48.70416284515448,48.381988841015556,7.558161927462758,32.44058260444576,65.36781294942031
