group,n_features,sum_abs_SRC,mean_abs_SRC,n_sign_stable
Operation_HVAC,13,2.265781625783416,0.17429089429103198,4
Envelope,17,1.4545221730057916,0.0855601278238701,1
Geometry_Form,6,0.9063020760394651,0.15105034600657752,0
Program_Zoning,3,0.0664983262399749,0.022166108746658298,0
