y_true,y_pred
1516.4876196085038,1473.9087250706716
1380.3610482867498,1381.8864013363172
1184.630331652965,1252.4764765070036
801.8371580840966,802.8402972953601
1130.7307323318614,1138.372638114455
928.8450445581448,927.3992227518863
1136.0214477098496,1202.4804859449014
1322.04189069647,1308.588909497844
1106.8427817502068,1057.6712711333903
