model,r2_18vars,r2_39vars,delta
Poly3-RidgeCV,0.5316295247198706,0.09427721691868018,-0.4373523078011904
XGBoost,0.6838562358434992,0.6011792210140092,-0.08267701482948997
