model,r2_18vars,r2_39vars,delta
Poly3-RidgeCV,0.5946430144647507,0.24651447238858293,-0.3481285420761677
XGBoost,0.7147236553805094,0.6975952158414391,-0.017128439539070284
