y_true,y_pred
1516.4876196085038,1469.6330380741995
1380.3610482867498,1382.2987410189346
1184.630331652965,1261.4744709128229
801.8371580840966,795.274594288339
1130.7307323318614,1136.5515019409186
928.8450445581448,919.4524730148203
1136.0214477098496,1193.7555918476098
1322.04189069647,1317.7985696881105
1106.8427817502068,1052.7956972660459
